{"CD3D":{"0":0.0975206612,"1":0.5843253968,"2":0.0157776108,"3":0.0317331164,"4":0.0548076923,"5":0.7994143485,"6":0.0393258427,"7":0.0115740741,"8":0.2121212121,"9":0.0032154341,"10":0.3114754098,"11":0.0082304527,"12":0.0045248869,"13":0.15,"14":0.0858895706,"15":0.0,"16":0.4230769231},"CD3E":{"0":0.123553719,"1":0.652281746,"2":0.01878287,"3":0.0276647681,"4":0.0769230769,"5":0.8638360176,"6":0.0898876404,"7":0.0138888889,"8":0.2506887052,"9":0.0160771704,"10":0.4032786885,"11":0.037037037,"12":0.0090497738,"13":0.1272727273,"14":0.1288343558,"15":0.0112359551,"16":0.4358974359},"CD7":{"0":0.1004132231,"1":0.5104166667,"2":0.0683696469,"3":0.0577705452,"4":0.0596153846,"5":0.513909224,"6":0.1666666667,"7":0.0462962963,"8":0.1818181818,"9":0.0096463023,"10":0.7180327869,"11":0.037037037,"12":0.0045248869,"13":0.0590909091,"14":0.0245398773,"15":0.0112359551,"16":0.1538461538},"GZMB":{"0":0.0657024793,"1":0.3655753968,"2":0.0067618332,"3":0.0235964199,"4":0.1076923077,"5":0.0497803807,"6":0.0805243446,"7":0.0069444444,"8":0.1460055096,"9":0.0128617363,"10":0.5901639344,"11":0.1728395062,"12":0.0226244344,"13":0.0727272727,"14":0.0306748466,"15":0.0112359551,"16":0.0},"GZMA":{"0":0.091322314,"1":0.6165674603,"2":0.0165289256,"3":0.034987795,"4":0.0778846154,"5":0.39238653,"6":0.0580524345,"7":0.0115740741,"8":0.2203856749,"9":0.0032154341,"10":0.7606557377,"11":0.0082304527,"12":0.0090497738,"13":0.0909090909,"14":0.0429447853,"15":0.0,"16":0.1282051282},"CD68":{"0":0.5975206612,"1":0.1111111111,"2":0.6739293764,"3":0.7770545159,"4":0.3875,"5":0.0878477306,"6":0.4026217228,"7":0.6782407407,"8":0.3223140496,"9":0.0675241158,"10":0.1639344262,"11":0.2839506173,"12":0.07239819,"13":0.5727272727,"14":0.2883435583,"15":0.3258426966,"16":0.3333333333},"CD163":{"0":0.5797520661,"1":0.0486111111,"2":0.7212622089,"3":0.6387306753,"4":0.3288461538,"5":0.0336749634,"6":0.2677902622,"7":0.2731481481,"8":0.2231404959,"9":0.0192926045,"10":0.1081967213,"11":0.1152263374,"12":0.0135746606,"13":0.5,"14":0.226993865,"15":0.0561797753,"16":0.1666666667},"LYZ":{"0":0.4570247934,"1":0.0496031746,"2":0.294515402,"3":0.6956875509,"4":0.2730769231,"5":0.0409956076,"6":0.5262172285,"7":0.1064814815,"8":0.2121212121,"9":0.0546623794,"10":0.0721311475,"11":0.0864197531,"12":0.0135746606,"13":0.6590909091,"14":0.1411042945,"15":0.1235955056,"16":0.2435897436},"CD14":{"0":0.6355371901,"1":0.0401785714,"2":0.690458302,"3":0.6517493897,"4":0.4019230769,"5":0.055636896,"6":0.2584269663,"7":0.5532407407,"8":0.2451790634,"9":0.0482315113,"10":0.1409836066,"11":0.1481481481,"12":0.036199095,"13":0.7227272727,"14":0.3435582822,"15":0.0674157303,"16":0.1538461538},"S100A9":{"0":0.4099173554,"1":0.0302579365,"2":0.1728024042,"3":0.4833197722,"4":0.2461538462,"5":0.027818448,"6":0.2097378277,"7":0.2592592593,"8":0.1763085399,"9":0.0192926045,"10":0.0655737705,"11":0.0946502058,"12":0.0135746606,"13":0.5090909091,"14":0.1042944785,"15":0.0561797753,"16":0.1666666667},"S100A8":{"0":0.3900826446,"1":0.0198412698,"2":0.1374906086,"3":0.3685923515,"4":0.1846153846,"5":0.0204978038,"6":0.1441947566,"7":0.2337962963,"8":0.2203856749,"9":0.0192926045,"10":0.0655737705,"11":0.0740740741,"12":0.0090497738,"13":0.45,"14":0.1165644172,"15":0.0337078652,"16":0.1025641026},"CEACAM1":{"0":0.0070247934,"1":0.0128968254,"2":0.0195341848,"3":0.0032546786,"4":0.0076923077,"5":0.0834553441,"6":0.0037453184,"7":0.0092592593,"8":0.0165289256,"9":0.0032154341,"10":0.0032786885,"11":0.0041152263,"12":0.0,"13":0.0045454545,"14":0.0,"15":0.0,"16":0.0256410256},"CD19":{"0":0.0107438017,"1":0.0,"2":0.0097670924,"3":0.0056956876,"4":0.0057692308,"5":0.0,"6":0.0037453184,"7":0.0046296296,"8":0.0082644628,"9":0.0032154341,"10":0.0032786885,"11":0.2633744856,"12":0.0135746606,"13":0.0,"14":0.0,"15":0.0112359551,"16":0.0},"MS4A1":{"0":0.0367768595,"1":0.0302579365,"2":0.0045078888,"3":0.0016273393,"4":0.0182692308,"5":0.0146412884,"6":0.0224719101,"7":0.0023148148,"8":0.0027548209,"9":0.0,"10":0.0360655738,"11":0.4938271605,"12":0.0,"13":0.0454545455,"14":0.018404908,"15":0.0,"16":0.0256410256},"PTPRC":{"0":0.5966942149,"1":0.8888888889,"2":0.7888805409,"3":0.6224572823,"4":0.3865384615,"5":0.9048316252,"6":0.6123595506,"7":0.3888888889,"8":0.5151515152,"9":0.0482315113,"10":0.8852459016,"11":0.6502057613,"12":0.0633484163,"13":0.6,"14":0.3251533742,"15":0.1685393258,"16":0.6025641026}}