{"CD3D":{"0":0.197861895,"1":1.2643772364,"2":0.0217295233,"3":0.0679086596,"4":0.121775575,"5":1.6254059076,"6":0.0796956271,"7":0.0187743232,"8":0.4624649286,"9":0.0009138003,"10":0.5931075215,"11":0.0137363439,"12":0.0110270474,"13":0.2947482169,"14":0.197347492,"15":0.0,"16":1.0041754246},"CD3E":{"0":0.2564640641,"1":1.580642581,"2":0.0300205238,"3":0.0564437583,"4":0.1683739722,"5":1.9641854763,"6":0.2087172717,"7":0.0219920035,"8":0.5568686128,"9":0.0320255533,"10":0.8205561042,"11":0.0433143154,"12":0.0219708476,"13":0.2500161529,"14":0.3088206053,"15":0.0217703022,"16":0.9621906877},"CD7":{"0":0.2034061849,"1":1.0929743052,"2":0.0701444224,"3":0.0752109438,"4":0.1279592067,"5":0.9668512344,"6":0.2722248137,"7":0.0739322007,"8":0.3335202336,"9":0.0215399433,"10":1.7358154058,"11":0.0566717274,"12":0.0102091767,"13":0.1126671582,"14":0.0414582044,"15":0.0217703022,"16":0.3254455626},"GZMB":{"0":0.1396255195,"1":0.7806796432,"2":0.0098959943,"3":0.0509517007,"4":0.2605213523,"5":0.0868601277,"6":0.195068866,"7":0.0114551084,"8":0.2785618603,"9":0.0205995832,"10":1.565783143,"11":0.5959632397,"12":0.0543166623,"13":0.142399013,"14":0.0655364171,"15":0.0217703022,"16":0.0},"GZMA":{"0":0.1887489706,"1":1.5842891932,"2":0.0247542448,"3":0.0660822317,"4":0.1666579098,"5":0.7994463444,"6":0.1419267356,"7":0.0192832369,"8":0.5463502407,"9":0.0045561017,"10":1.7665103674,"11":0.0114904018,"12":0.0221054405,"13":0.1893438995,"14":0.1084143892,"15":0.0,"16":0.2832763493},"CD68":{"0":1.4108098745,"1":0.1830812693,"2":1.3291116953,"3":1.8449522257,"4":0.97005862,"5":0.1181607917,"6":0.6369006634,"7":1.7381291389,"8":0.675046742,"9":0.1222547889,"10":0.2806912661,"11":0.467392534,"12":0.1201623976,"13":1.2773807049,"14":0.6666969061,"15":0.9178338051,"16":0.7242509127},"CD163":{"0":1.3576958179,"1":0.0788947716,"2":1.6194660664,"3":1.3703711033,"4":0.7978315353,"5":0.0475571938,"6":0.5050303936,"7":0.6211717129,"8":0.4596087337,"9":0.0335306786,"10":0.2021269351,"11":0.1994340569,"12":0.0314385109,"13":1.0842854977,"14":0.5578415394,"15":0.1440032125,"16":0.3703930378},"LYZ":{"0":1.0437955856,"1":0.080445081,"2":0.4332888126,"3":1.7034201622,"4":0.6609844565,"5":0.0562415384,"6":1.1464238167,"7":0.2053392529,"8":0.3939111829,"9":0.0998565927,"10":0.1045912281,"11":0.1291118711,"12":0.009626125,"13":1.5832734108,"14":0.3196968138,"15":0.3332049549,"16":0.5599238873},"CD14":{"0":1.5450526476,"1":0.0635855347,"2":1.6167085171,"3":1.4532943964,"4":1.0251771212,"5":0.077591233,"6":0.4229741395,"7":1.399815321,"8":0.5444506407,"9":0.0761149377,"10":0.2638738751,"11":0.2622527778,"12":0.0564389043,"13":1.7561678886,"14":0.83188802,"15":0.1859000176,"16":0.3184181154},"S100A9":{"0":0.9241002202,"1":0.0531220026,"2":0.2536537349,"3":1.112070322,"4":0.5770504475,"5":0.0421025157,"6":0.4346362054,"7":0.6005172729,"8":0.360236764,"9":0.0218725726,"10":0.0898493454,"11":0.134578988,"12":0.0290653389,"13":1.1221017838,"14":0.2484703362,"15":0.1663947552,"16":0.3625549674},"S100A8":{"0":0.8858198524,"1":0.0356709994,"2":0.1990775317,"3":0.9353284836,"4":0.4271360934,"5":0.0334390737,"6":0.3129763305,"7":0.5451924205,"8":0.4317985177,"9":0.0449925587,"10":0.1070150435,"11":0.1275191158,"12":0.0123705165,"13":0.9822422266,"14":0.2690396607,"15":0.1030785814,"16":0.210094288},"CEACAM1":{"0":0.014269392,"1":0.020097699,"2":0.0187945496,"3":0.0035873223,"4":0.0171102546,"5":0.1063613594,"6":0.0065814708,"7":0.0182397477,"8":0.0119659696,"9":0.0007870699,"10":0.0017102996,"11":0.0063030981,"12":0.0,"13":0.0069945324,"14":0.0,"15":0.0,"16":0.0549471788},"CD19":{"0":0.0218477175,"1":0.0,"2":0.0109803472,"3":0.0067009232,"4":0.0130350254,"5":0.0,"6":0.0069099609,"7":0.0103380261,"8":0.0034406995,"9":0.00243407,"10":0.0019163901,"11":0.4099303186,"12":0.0066145803,"13":0.0,"14":0.0,"15":0.0369231664,"16":0.0},"MS4A1":{"0":0.0751757324,"1":0.0459615663,"2":0.0071921996,"3":0.0027467548,"4":0.041438669,"5":0.0187035799,"6":0.0605450906,"7":0.0028429192,"8":0.0020025603,"9":0.0,"10":0.0547155775,"11":1.2178292274,"12":0.0,"13":0.0919858664,"14":0.0475685969,"15":0.0,"16":0.0656613633},"PTPRC":{"0":1.3885047436,"1":2.3363335133,"2":1.5662485361,"3":1.1266789436,"4":0.9532350898,"5":2.0878989697,"6":1.2677640915,"7":0.8547384739,"8":1.1522092819,"9":0.0878766254,"10":2.2192597389,"11":1.3111680746,"12":0.1300997138,"13":1.3596942425,"14":0.7920497656,"15":0.4297672212,"16":1.4838103056}}